{
  "Arsenal": {
    "title_prob": 0.989,
    "top4_prob": 1.0,
    "relegation_prob": 0.0,
    "expected_points": 82.3473,
    "position_distribution": [
      0.989,
      0.011,
      0.0,
      0.0,
      0.0,
      0.0,
      0.0,
      0.0,
      0.0,
      0.0,
      0.0,
      0.0,
      0.0,
      0.0,
      0.0,
      0.0,
      0.0,
      0.0,
      0.0,
      0.0
    ]
  },
  "Man City": {
    "title_prob": 0.01095,
    "top4_prob": 0.99805,
    "relegation_prob": 0.0,
    "expected_points": 71.53575,
    "position_distribution": [
      0.01095,
      0.8398,
      0.1216,
      0.0257,
      0.00185,
      0.0001,
      0.0,
      0.0,
      0.0,
      0.0,
      0.0,
      0.0,
      0.0,
      0.0,
      0.0,
      0.0,
      0.0,
      0.0,
      0.0,
      0.0
    ]
  },
  "Man United": {
    "title_prob": 5e-05,
    "top4_prob": 0.917,
    "relegation_prob": 0.0,
    "expected_points": 66.0697,
    "position_distribution": [
      5e-05,
      0.0951,
      0.55155,
      0.2703,
      0.06015,
      0.0169,
      0.00475,
      0.001,
      0.0002,
      0.0,
      0.0,
      0.0,
      0.0,
      0.0,
      0.0,
      0.0,
      0.0,
      0.0,
      0.0,
      0.0
    ]
  },
  "Aston Villa": {
    "title_prob": 0.0,
    "top4_prob": 0.8237,
    "relegation_prob": 0.0,
    "expected_points": 64.4484,
    "position_distribution": [
      0.0,
      0.0521,
      0.2769,
      0.4947,
      0.12235,
      0.0368,
      0.01205,
      0.004,
      0.00085,
      0.0002,
      5e-05,
      0.0,
      0.0,
      0.0,
      0.0,
      0.0,
      0.0,
      0.0,
      0.0,
      0.0
    ]
  },
  "Liverpool": {
    "title_prob": 0.0,
    "top4_prob": 0.1435,
    "relegation_prob": 0.0,
    "expected_points": 59.1186,
    "position_distribution": [
      0.0,
      0.0009,
      0.03135,
      0.11125,
      0.34695,
      0.2091,
      0.1295,
      0.0768,
      0.04795,
      0.02505,
      0.01315,
      0.0062,
      0.0017,
      0.0001,
      0.0,
      0.0,
      0.0,
      0.0,
      0.0,
      0.0
    ]
  },
  "Chelsea": {
    "title_prob": 0.0,
    "top4_prob": 0.07045,
    "relegation_prob": 0.0,
    "expected_points": 57.9815,
    "position_distribution": [
      0.0,
      0.0009,
      0.01265,
      0.0569,
      0.2272,
      0.2532,
      0.18035,
      0.11415,
      0.0708,
      0.04275,
      0.02505,
      0.01155,
      0.0041,
      0.0004,
      0.0,
      0.0,
      0.0,
      0.0,
      0.0,
      0.0
    ]
  },
  "Brentford": {
    "title_prob": 0.0,
    "top4_prob": 0.0213,
    "relegation_prob": 0.0,
    "expected_points": 55.8889,
    "position_distribution": [
      0.0,
      0.00015,
      0.00355,
      0.0176,
      0.0947,
      0.1631,
      0.1897,
      0.1658,
      0.12965,
      0.1005,
      0.0655,
      0.04425,
      0.0194,
      0.0059,
      0.0002,
      0.0,
      0.0,
      0.0,
      0.0,
      0.0
    ]
  },
  "Everton": {
    "title_prob": 0.0,
    "top4_prob": 0.01535,
    "relegation_prob": 0.0,
    "expected_points": 55.40555,
    "position_distribution": [
      0.0,
      5e-05,
      0.0019,
      0.0134,
      0.07395,
      0.13115,
      0.1691,
      0.17125,
      0.1426,
      0.11305,
      0.08715,
      0.05655,
      0.0307,
      0.00875,
      0.0004,
      0.0,
      0.0,
      0.0,
      0.0,
      0.0
    ]
  },
  "Fulham": {
    "title_prob": 0.0,
    "top4_prob": 0.0033,
    "relegation_prob": 0.0,
    "expected_points": 53.1547,
    "position_distribution": [
      0.0,
      0.0,
      0.00015,
      0.00315,
      0.0216,
      0.05215,
      0.08205,
      0.1216,
      0.14665,
      0.15385,
      0.1473,
      0.12895,
      0.0977,
      0.0418,
      0.003,
      5e-05,
      0.0,
      0.0,
      0.0,
      0.0
    ]
  },
  "Brighton": {
    "title_prob": 0.0,
    "top4_prob": 0.0029,
    "relegation_prob": 0.0,
    "expected_points": 53.2312,
    "position_distribution": [
      0.0,
      0.0,
      0.00025,
      0.00265,
      0.01945,
      0.05335,
      0.07925,
      0.1135,
      0.1469,
      0.15725,
      0.15095,
      0.1328,
      0.09825,
      0.04015,
      0.00475,
      0.00045,
      5e-05,
      0.0,
      0.0,
      0.0
    ]
  },
  "Sunderland": {
    "title_prob": 0.0,
    "top4_prob": 0.00385,
    "relegation_prob": 0.0,
    "expected_points": 53.40475,
    "position_distribution": [
      0.0,
      0.0,
      5e-05,
      0.0038,
      0.0244,
      0.05425,
      0.08535,
      0.113,
      0.13715,
      0.1561,
      0.1617,
      0.1344,
      0.09105,
      0.035,
      0.0034,
      0.00035,
      0.0,
      0.0,
      0.0,
      0.0
    ]
  },
  "Newcastle": {
    "title_prob": 0.0,
    "top4_prob": 0.0003,
    "relegation_prob": 0.0,
    "expected_points": 50.9339,
    "position_distribution": [
      0.0,
      0.0,
      0.0,
      0.0003,
      0.00315,
      0.0134,
      0.02805,
      0.0495,
      0.0729,
      0.1054,
      0.14395,
      0.18895,
      0.216,
      0.1544,
      0.02135,
      0.00245,
      0.0002,
      0.0,
      0.0,
      0.0
    ]
  },
  "Bournemouth": {
    "title_prob": 0.0,
    "top4_prob": 0.0003,
    "relegation_prob": 0.0,
    "expected_points": 51.3144,
    "position_distribution": [
      0.0,
      0.0,
      5e-05,
      0.00025,
      0.0039,
      0.0143,
      0.0344,
      0.0569,
      0.08165,
      0.1081,
      0.1404,
      0.1788,
      0.2141,
      0.1421,
      0.0218,
      0.0032,
      5e-05,
      0.0,
      0.0,
      0.0
    ]
  },
  "Crystal Palace": {
    "title_prob": 0.0,
    "top4_prob": 0.0,
    "relegation_prob": 0.0003,
    "expected_points": 48.2239,
    "position_distribution": [
      0.0,
      0.0,
      0.0,
      0.0,
      0.00035,
      0.0022,
      0.00545,
      0.0125,
      0.0226,
      0.0367,
      0.06225,
      0.1098,
      0.19925,
      0.43665,
      0.09405,
      0.0155,
      0.0024,
      0.0003,
      0.0,
      0.0
    ]
  },
  "Leeds": {
    "title_prob": 0.0,
    "top4_prob": 0.0,
    "relegation_prob": 0.0513,
    "expected_points": 42.30065,
    "position_distribution": [
      0.0,
      0.0,
      0.0,
      0.0,
      0.0,
      0.0,
      0.0,
      0.0,
      5e-05,
      0.0009,
      0.00215,
      0.0059,
      0.01925,
      0.08355,
      0.4771,
      0.24535,
      0.11445,
      0.0508,
      0.0005,
      0.0
    ]
  },
  "Nott'm Forest": {
    "title_prob": 0.0,
    "top4_prob": 0.0,
    "relegation_prob": 0.10715,
    "expected_points": 40.5204,
    "position_distribution": [
      0.0,
      0.0,
      0.0,
      0.0,
      0.0,
      0.0,
      0.0,
      0.0,
      5e-05,
      0.00015,
      0.00035,
      0.00165,
      0.00665,
      0.0344,
      0.2224,
      0.39845,
      0.22875,
      0.10525,
      0.0019,
      0.0
    ]
  },
  "Tottenham": {
    "title_prob": 0.0,
    "top4_prob": 0.0,
    "relegation_prob": 0.33585,
    "expected_points": 38.24735,
    "position_distribution": [
      0.0,
      0.0,
      0.0,
      0.0,
      0.0,
      0.0,
      0.0,
      0.0,
      0.0,
      0.0,
      5e-05,
      0.00015,
      0.0011,
      0.0084,
      0.09205,
      0.19525,
      0.36715,
      0.32915,
      0.0067,
      0.0
    ]
  },
  "West Ham": {
    "title_prob": 0.0,
    "top4_prob": 0.0,
    "relegation_prob": 0.50845,
    "expected_points": 37.5208,
    "position_distribution": [
      0.0,
      0.0,
      0.0,
      0.0,
      0.0,
      0.0,
      0.0,
      0.0,
      0.0,
      0.0,
      0.0,
      5e-05,
      0.00075,
      0.0084,
      0.0594,
      0.13855,
      0.2844,
      0.4962,
      0.012,
      0.00025
    ]
  },
  "Burnley": {
    "title_prob": 0.0,
    "top4_prob": 0.0,
    "relegation_prob": 0.99705,
    "expected_points": 27.8316,